mean_result,median_result,stdev,mode
2,3,1.414213562,3
3,3,1,3
4,4,1,3
4,4,1.414213562,4
6,6,2,8
